{
    "loss": 10.01733684539795,
    "accuracy": 0.5686274766921997
}