{
    "loss": 1.1077312231063843,
    "accuracy": 0.8039215803146362
}