{
    "loss": 1.6977320909500122,
    "accuracy": 0.8039215803146362
}