{
    "loss": 2.0771799087524414,
    "accuracy": 0.8627451062202454
}