{
    "loss": 22.69446563720703,
    "accuracy": 0.5686274766921997
}