{
    "loss": 37.11046600341797,
    "accuracy": 0.4313725531101227
}