{
    "loss": 0.32847627997398376,
    "accuracy": 0.8627451062202454
}